{
    "FID_reference/male22male": 25.409582554910983,
    "FID_reference/male2male2": 31.12611532639589,
    "FID_reference/mean": 28.267848940653437
}