{
    "FID_reference/male22male": 26.47860160721767,
    "FID_reference/male2male2": 34.67806969940938,
    "FID_reference/mean": 30.578335653313523
}