{
    "FID_reference/male22male": 24.556639938623675,
    "FID_reference/male2male2": 32.692741152539526,
    "FID_reference/mean": 28.6246905455816
}