{
    "FID_latent/male22male": 22.113717415371738,
    "FID_latent/male2male2": 31.09636929159594,
    "FID_latent/mean": 26.60504335348384
}