{
    "FID_latent/male22male": 36.06772476558945,
    "FID_latent/male2male2": 41.01309167652795,
    "FID_latent/mean": 38.5404082210587
}