{
    "FID_latent/male22male": 20.446942265268515,
    "FID_latent/male2male2": 27.88652514730952,
    "FID_latent/mean": 24.166733706289016
}