{
    "FID_latent/male22male": 22.535312521527118,
    "FID_latent/male2male2": 28.357088318573865,
    "FID_latent/mean": 25.44620042005049
}