{
    "FID_latent/male22male": 25.150162907568074,
    "FID_latent/male2male2": 39.0734005480209,
    "FID_latent/mean": 32.11178172779449
}