{
    "FID_latent/male22male": 23.174415138181725,
    "FID_latent/male2male2": 36.15814998153449,
    "FID_latent/mean": 29.66628255985811
}