{
    "FID_reference/male22male": 38.05299812194139,
    "FID_reference/male2male2": 39.868032449535285,
    "FID_reference/mean": 38.96051528573834
}