{
    "FID_reference/male22male": 26.130240699544267,
    "FID_reference/male2male2": 31.3455269603162,
    "FID_reference/mean": 28.737883829930233
}