{
    "FID_reference/male22male": 28.84769036154065,
    "FID_reference/male2male2": 35.30625412460926,
    "FID_reference/mean": 32.076972243074955
}