{
    "LPIPS_latent/male22male": 0.47548246005224803,
    "LPIPS_latent/male2male2": 0.49714321371108766,
    "LPIPS_latent/mean": 0.4863128368816678
}