{
    "LPIPS_reference/male22male": 0.4150967550656152,
    "LPIPS_reference/male2male2": 0.4310979161943708,
    "LPIPS_reference/mean": 0.423097335629993
}