{
    "LPIPS_latent/male22male": 0.48740268273959086,
    "LPIPS_latent/male2male2": 0.49569699593952726,
    "LPIPS_latent/mean": 0.4915498393395591
}