{
    "LPIPS_latent/male22male": 0.4712313186554682,
    "LPIPS_latent/male2male2": 0.48693307761162047,
    "LPIPS_latent/mean": 0.47908219813354436
}