{
    "LPIPS_reference/male22male": 0.4222945528370993,
    "LPIPS_reference/male2male2": 0.4375977885155451,
    "LPIPS_reference/mean": 0.42994617067632224
}