{
    "LPIPS_reference/male22male": 0.41349358833025374,
    "LPIPS_reference/male2male2": 0.44014566569101243,
    "LPIPS_reference/mean": 0.4268196270106331
}