{
    "LPIPS_latent/male22male": 0.5023227717195239,
    "LPIPS_latent/male2male2": 0.5031483495046222,
    "LPIPS_latent/mean": 0.502735560612073
}