{
    "LPIPS_latent/male22male": 0.47671980942998615,
    "LPIPS_latent/male2male2": 0.5017317486187768,
    "LPIPS_latent/mean": 0.48922577902438147
}