{
    "LPIPS_latent/male22male": 0.49054953928977724,
    "LPIPS_latent/male2male2": 0.5012851347998967,
    "LPIPS_latent/mean": 0.495917337044837
}