{
    "LPIPS_reference/male22male": 0.41592773227464586,
    "LPIPS_reference/male2male2": 0.43655178660438176,
    "LPIPS_reference/mean": 0.4262397594395138
}