{
    "LPIPS_reference/male22male": 0.41660984830250813,
    "LPIPS_reference/male2male2": 0.4457546259675707,
    "LPIPS_reference/mean": 0.43118223713503945
}