{
    "LPIPS_reference/male22male": 0.43022497258489095,
    "LPIPS_reference/male2male2": 0.434743136640579,
    "LPIPS_reference/mean": 0.432484054612735
}